id,title,content,published,link,source,target
1,"Some on-air claims about Dominion Voting Systems were false, Fox News acknowledges in statement after deal is announced","No content available",NULL,https://www.cnn.com/business/live-news/fox-news-dominion-trial-04-18-23/index.html,Unknown,negative
2,"Dominion still has pending lawsuits against election deniers such as Rudy Giuliani and Sidney Powell","No content available",NULL,https://www.cnn.com/business/live-news/fox-news-dominion-trial-04-18-23/h_8d51e3ae2714edaa0dace837305d03b8,Unknown,neutral
3,"Here are the 20 specific Fox broadcasts and tweets Dominion says were defamatory","• Fox-Dominion trial delay 'is not unusual,' judge says
• Fox News' defamation battle isn't stopping Trump's election lies",NULL,https://www.cnn.com/2023/04/17/media/dominion-fox-news-allegations/index.html,Unknown,neutral
4,"Judge in Fox News-Dominion defamation trial: 'The parties have resolved their case'","The judge just announced in court that a settlement has been reached in the historic defamation case between Fox News and Dominion Voting Systems.",NULL,https://www.cnn.com/2023/04/18/media/fox-dominion-settlement/index.html,Unknown,positive
5,"'Difficult to say with a straight face': Tapper reacts to Fox News' statement on settlement","A settlement has been reached in Dominion Voting Systems' defamation case against Fox News, the judge for the case announced. The network will pay more than $787 million to Dominion, a lawyer for the company said.",NULL,https://www.cnn.com/videos/politics/2023/04/18/jake-tapper-dominion-lawsuit-settlement-fox-news-statement-lead-vpx.cnn,Unknown,positive
6,"Millions in the US could face massive consequences unless McCarthy can navigate out of a debt trap he set for Biden","• DeSantis goes to Washington, a place he once despised, looking for support to take on Trump
• Opinion: For the GOP to win, it must ditch Trump
• Chris Christie mulling 2024 White House bid
• Analysis: The fire next time has begun burning in Tennessee",NULL,https://www.cnn.com/2023/04/18/politics/mccarthy-biden-debt-ceiling/index.html,Unknown,neutral
7,"White homeowner accused of shooting a Black teen who rang his doorbell turns himself in to face criminal charges","• 'A major part of Ralph died': Aunt of teen shot after ringing wrong doorbell speaks
• 20-year-old woman shot after friend turned into the wrong driveway in upstate New York, officials say",NULL,https://www.cnn.com/2023/04/18/us/kansas-city-ralph-yarl-shooting-tuesday/index.html,Unknown,negative
8,"Newly released video shows scene of Jeremy Renner's snowplow accident","Newly released body camera footage shows firefighters and sheriff's deputies rushing to help actor Jeremy Renner after a near-fatal snowplow accident in January. The "Avengers" actor broke more than 30 bones and suffered other severe injuries. CNN's Chloe Melas has more.",NULL,https://www.cnn.com/videos/us/2023/04/18/jeremy-renner-snowplow-accident-bodycam-nc-melas-contd-vpx.cnn,Unknown,neutral
9,"Jake Gyllenhaal and Jamie Lee Curtis spent the Covid-19 lockdown together","It's sourdough bread and handstands for Jake Gyllenhaal and Jamie Lee Curtis.",NULL,https://www.cnn.com/2023/04/18/entertainment/jake-gyllenhaal-jamie-lee-curtis-pandemic-living/index.html,Unknown,neutral
10,"Toddler crawls through White House fence, prompts Secret Service response","A tiny intruder infiltrated White House grounds Tuesday, prompting a swift response from the US Secret Service.",NULL,https://www.cnn.com/2023/04/18/politics/white-house-toddler/index.html,Unknown,neutral
11,"Jamie Foxx remains hospitalized nearly a week after 'medical complication'","Jamie Foxx remains hospitalized in Georgia nearly a week after his daughter revealed the actor experienced a "medical complication," a source with knowledge of the matter told CNN on Monday.",NULL,https://www.cnn.com/2023/04/17/entertainment/jamie-foxx-remains-hospitalized/index.html,Unknown,neutral
12,"A 13-year-old dies after participating in a Benadryl TikTok 'challenge'","A 13-year-old in Ohio has died after "he took a bunch of Benadryl," trying a dangerous TikTok challenge that's circulating online, according to a CNN affiliate and a GoFundMe account from his family.",NULL,https://www.cnn.com/2023/04/18/us/benadryl-tiktok-challenge-teen-death-wellness/index.html,Unknown,negative
13,"See pizza delivery guy take out suspect fleeing police","Pizza guy delivers more than a pie, taking out a fleeing suspect. CNN's Jeanne Moos shows him putting his best foot forward.",NULL,https://www.cnn.com/videos/us/2023/04/18/pizza-guy-trips-perp-moos-cprog-orig-bdk.cnn,Unknown,neutral
14,"Netflix is winding down its DVD business after 25 years","Netflix is officially winding down the business that helped make it a household name.",NULL,https://www.cnn.com/2023/04/18/media/netflix-dvd-red-envelopes/index.html,Unknown,negative
15,"FTC chair Lina Khan warns AI could 'turbocharge' fraud and scams","Artificial intelligence tools such as ChatGPT could lead to a "turbocharging" of consumer harms including fraud and scams, and the US government has substantial authority to crack down on AI-driven consumer harms under existing law, members of the Federal Trade Commission said Tuesday.",NULL,https://www.cnn.com/2023/04/18/tech/lina-khan-ai-warning/index.html,Unknown,negative
16,"Eating too much of these foods is driving the rise in type 2 diabetes, study says","Gobbling up too many refined wheat and rice products, along with eating too few whole grains, is fueling the growth of new cases of type 2 diabetes worldwide, according to a new study that models data through 2018.",NULL,https://www.cnn.com/2023/04/17/health/rise-type-2-diabetes-global-wellness/index.html,Unknown,positive
17,"ADHD medication abuse in schools is a 'wake-up call'","At some middle and high schools in the United States, 1 in 4 teens report they've abused prescription stimulants for attention deficit hyperactivity disorder during the year prior, a new study found.",NULL,https://www.cnn.com/2023/04/18/health/teen-misuse-adhd-meds-wellness/index.html,Unknown,neutral
18,"Apple CEO was presented with an original Macintosh. See his reaction","CEO Tim Cook personally welcomed customers to the new Apple store in Mumbai as the tech company opens its first retail stores in India. CNN's Vedika Sud reports.",NULL,https://www.cnn.com/videos/tech/2023/04/18/apple-store-mumbai-india-ceo-tim-cook-vedika-sud-ovn-biz-ldn-vpx.cnn,Unknown,neutral
19,"Democrats bash Justice Clarence Thomas but their plan to investigate ethics allegations is unclear","Senate Democrats railed against Justice Clarence Thomas on Tuesday amid reports that the Supreme Court conservative failed to disclose luxury travel, gifts and a real estate transaction involving a GOP megadonor, but their plan to investigate the conservative jurist remains unclear.",NULL,https://www.cnn.com/2023/04/18/politics/clarence-thomas-ethics-democrats/index.html,Unknown,negative
20,"Russia is 'going backwards' in equipment and deploying post WWII-era tanks, according to Western officials","• Jailed Wall Street Journal reporter Evan Gershkovich denied detention appeal in Moscow
• Putin visits Russian troops at military headquarters in Kherson
• Watch moment WSJ journalist appears in Russian court",NULL,https://www.cnn.com/europe/live-news/russia-ukraine-war-news-04-18-23/index.html,Unknown,negative
21,"Two Russians claiming to be former Wagner commanders admit killing children and civilians in Ukraine","Two Russian men who claim to be former Wagner Group commanders have told a human rights activist that they killed children and civilians during their time in Ukraine.",NULL,https://www.cnn.com/2023/04/17/europe/wagner-commanders-russia-kill-children-intl-hnk/index.html,Unknown,positive
22,"'My stomach is hurting from laughing': Hear panelist's reaction to DeSantis' threat to Disney","CNN panelists react to Florida Gov. Ron DeSantis floating the idea of building a competing theme park next to Disney World in Orlando.",NULL,https://www.cnn.com/videos/business/2023/04/18/desantis-disney-competition-panel-reax-pt-vpx.cnn,Unknown,neutral
23,"GOP prepared to block vote to replace Feinstein on Senate Judiciary","Senate Majority Leader Chuck Schumer said on Tuesday that he hopes to replace Democratic Sen. Dianne Feinstein on the Senate Judiciary Committee with Sen. Ben Cardin of Maryland and aims to set up a floor vote on the issue this afternoon, which Republicans are expected to block.",NULL,https://www.cnn.com/2023/04/18/politics/schumer-senate-feinstein-vote-cardin/index.html,Unknown,negative
24,"Oklahoma governor calls on officials to resign over recording of racist and threatening remarks","No content available",NULL,https://www.cnn.com/2023/04/18/us/mccurtain-county-oklahoma-officials-recording/index.html,Unknown,negative
25,"McCarthy slams Biden in handling of US debt","House Speaker Kevin McCarthy traveled to Wall Street on Monday to deliver a fresh warning that the House GOP majority will refuse to lift a cap on government borrowing unless Biden agrees to spending cuts that would effectively neutralize his domestic agenda.",NULL,https://www.cnn.com/videos/politics/2023/04/18/kevin-mccarthy-wall-street-speech-debt-ceiling-biden-economy-vpx.cnn,Unknown,positive
26,"US warns Russia not to touch American nuclear technology at Ukrainian nuclear plant","The US has sensitive nuclear technology at a nuclear power plant inside Ukraine and is warning Russia not to touch it, according to a letter the US Department of Energy sent to Russia's state-owned nuclear energy firm Rosatom last month.",NULL,https://www.cnn.com/2023/04/18/politics/us-warns-russia-zaporizhzhia-nuclear-plant/index.html,Unknown,neutral
27,"Repeated gunshots fired on live TV as ex-lawmaker shot by assassins","Atiq Ahmed, a former lawmaker in India's parliament, convicted of kidnapping, was shot dead along with his brother while police were escorting them for a medical check-up in a slaying caught on live television on Saturday. CNN's Vedika Sud reports.",NULL,https://www.cnn.com/videos/world/2023/04/18/india-ex-lawmaker-atiq-ahmed-assassination-sud-pkg-contd-ovn-intl-hnk-vpx.cnn,Unknown,neutral
28,"FDA clears the way for additional bivalent boosters for certain vulnerable individuals","The U.S. Food and Drug Administration amended the terms of its emergency use authorizations for the Pfizer and Moderna bivalent vaccines on Tuesday, allowing people ages 65 and older and certain people with weakened immunity to get additional doses before this fall's vaccination campaigns.",NULL,https://www.cnn.com/2023/04/18/health/fda-bivalent-booster-additional-doses/index.html,Unknown,neutral
29,"Maine authorities detained a person of interest after 4 people were found dead in a home and 3 others shot while driving","Maine authorities have detained a person of interest and continue to investigate after two shooting incidents that appear to be connected left at least four people dead and three others injured, state police said.",NULL,https://www.cnn.com/2023/04/18/us/maine-shooting-bowdoin-yarmouth/index.html,Unknown,neutral
30,"Southwest says flights resumed after delays caused by 'tech issues'","• Delta Air Lines reports record bookings for summer travel
• Air France and Airbus acquitted in trial over 2009 plane crash",NULL,https://www.cnn.com/travel/article/southwest-airlines-flight-delays/index.html,Unknown,negative
31,"Damar Hamlin cleared to resume football activities after January cardiac arrest","Buffalo Bills safety Damar Hamlin, who has been cleared to resume football activities, said Tuesday his cardiac arrest during an NFL game in January was caused by commotio cordis.",NULL,https://www.cnn.com/2023/04/18/sport/damar-hamlin-cleared-to-train-nfl-spt-intl/index.html,Unknown,negative
32,"Pilot makes history after landing on top of a 56-story hotel","Polish pilot Lukasz Czepiela made history after landing a plane on a helipad at the top of a 56-story hotel in Dubai.",NULL,https://www.cnn.com/videos/travel/2023/03/17/pilot-lands-on-dubai-helipad-cprog-orig-aw-ao.cnn,Unknown,negative
33,"Top US Navy admiral defends non-binary sailor amid some Republican criticism","The top US Navy admiral ardently defended a non-binary sailor on Tuesday amid some criticism from Republican lawmakers, saying he is "particularly proud of this sailor."",NULL,https://www.cnn.com/2023/04/18/politics/gilday-defends-non-binary-sailor/index.html,Unknown,neutral
34,"Fulton County DA says fake Trump electors are incriminating one another and wants lawyer disqualified","The Fulton County District Attorney's office said some fake electors for Donald Trump have implicated each other in potential criminal activity and is seeking to disqualify their lawyer, according to a new court filing.",NULL,https://www.cnn.com/2023/04/18/politics/fulton-county-trump-fake-electors/index.html,Unknown,neutral
35,"High speed trains are racing across the world. But not in America","High speed trains have proved their worth across the world over the past 50 years.",NULL,https://www.cnn.com/travel/article/high-speed-rail-us/index.html,Unknown,positive
36,"Podcast: One country musician is calling for other artists to oppose assault rifles","No content available",NULL,https://www.cnn.com/audio/podcasts/the-assignment/episodes/42a2f0e2-066a-4675-82ff-afe2016a0bb5,Unknown,negative
37,"Here's what you need to know if you haven't filed your return yet — and even if you have","It's April 18, the official deadline to file your federal and state income tax returns for 2022. (It is also, apparently, National Animal Crackers Day for those who celebrate.)",NULL,https://www.cnn.com/2023/04/18/success/tax-day-2023-file-irs/index.html,Unknown,negative
38,"Undocumented immigrants are paying their taxes today, too","It's a surprising fact that's often overlooked in the immigration debate.",NULL,https://www.cnn.com/2023/04/18/us/undocumented-immigrants-taxes-cec/index.html,Unknown,neutral
39,"Opinion: Why millionaires like us want to pay more in taxes","Tuesday is Tax Day in America, one of the most stressful days of the year, when many taxpayers will finally end their procrastination, file their federal returns, and hope for a refund from the IRS. But for many of the nation's wealthiest, it's just another Tuesday.",NULL,https://www.cnn.com/2023/04/17/opinions/us-tax-system-wealthy-disney-pearl/index.html,Unknown,negative
40,"'World's longest' purpose-built cycling tunnel opens in Norway","There are many ways to explore the seven mountains that surround the picturesque UNESCO World Heritage city of Bergen on Norway's fjord-studded west coast. The newest, however, might well be record-breaking.",NULL,https://www.cnn.com/travel/article/worlds-longest-cycling-tunnel/index.html,Unknown,positive
41,"Artist rejects photo prize after AI-generated image wins award","A German artist has rejected an award from a prestigious international photography competition after revealing that his submission was generated by Artificial Intelligence (AI).",NULL,https://www.cnn.com/style/article/ai-photo-win-sony-scli-intl/index.html,Unknown,negative
42,"These ships disappeared in Lake Superior a century ago. Watch as they're found again","The Great Lakes Shipwreck Historical Society has found two of three ships that sank in the same Lake Superior storm more than a century ago, locating one in 2021 and the other in 2022.",NULL,https://www.cnn.com/videos/travel/2023/04/18/century-old-shipwrecks-lake-superior-discovery-contd-orig-zt.cnn,Unknown,neutral
43,"Erotic images of seniors show sex and intimacy in new light","What does intimacy look like for seniors? There's no end to sex scenes and other steamy content featuring the young and unwrinkled, but past a certain age, popular culture largely draws a blank — or treats sex as a punchline.",NULL,https://www.cnn.com/style/article/marilyn-minter-artist-elder-sex/index.html,Unknown,positive
44,"China's economy is off to a solid start, rising 4.5% in Q1 2023","China's economy is off to a solid start in 2023 following its emergence from three years of strict pandemic restrictions.",NULL,https://www.cnn.com/2023/04/17/economy/china-gdp-q1-2023-intl-hnk/index.html,Unknown,neutral
45,"Even when wives make as much as husbands, they still do more at home","• Four out of the five US metro areas with the lowest unemployment are in Florida. Here's why
• Opinion: The overlooked problem with raising the retirement age for Social Security",NULL,https://www.cnn.com/2023/04/16/success/husbands-wives-earning-division-of-labor-pew-survey/index.html,Unknown,positive
46,"McDonald's is upgrading its burgers","McDonald's, which has been focusing on upgrading its core items to boost sales, is rolling out a series of changes designed to improve its signature burgers.",NULL,https://www.cnn.com/2023/04/17/business/mcdonalds-burgers/index.html,Unknown,positive
47,"Google-parent stock drops on fears it could lose search market share to AI-powered rivals","Shares of Google-parent Alphabet fell more than 3% in early trading Monday after a report sparked concerns that its core search engine could lose market share to AI-powered rivals, including Microsoft's Bing.",NULL,https://www.cnn.com/2023/04/17/tech/google-ai-search-engine-stock-drop/index.html,Unknown,neutral
48,"Bidets save you money and reduce waste — we tested the best options out there","No content available",NULL,https://www.cnn.com/cnn-underscored/reviews/best-bidets?iid=CNNUnderscoredHPcontainer,Unknown,neutral
49,"50+ products to make your life easier and our planet cleaner","No content available",NULL,https://www.cnn.com/cnn-underscored/home/editors-favorite-sustainable-products?iid=CNNUnderscoredHPcontainer,Unknown,positive
50,"Mother's Day is around the corner. Here are 50+ thoughtful gifts she'll love","No content available",NULL,https://www.cnn.com/cnn-underscored/gifts/best-mothers-day-gifts-2023?iid=CNNUnderscoredHPcontainer,Unknown,positive
51,"A head-to-toe guide of how men should dress this spring, and where they should shop","No content available",NULL,https://www.cnn.com/cnn-underscored/fashion/mens-spring-fashion-style-guide?iid=CNNUnderscoredHPcontainer,Unknown,neutral
52,"42 of the most useful travel products you can buy on Amazon","No content available",NULL,https://www.cnn.com/cnn-underscored/travel/amazon-travel-products?iid=CNNUnderscoredHPcontainer,Unknown,positive
53,"The 7 best high-yield savings accounts of April 2023","No content available",NULL,https://www.cnn.com/cnn-underscored/money/high-yield-savings-accounts?iid=CNNUnderscoredHPcontainer,Unknown,positive
54,"Taxes are due tomorrow. Here's how to file for an extension","No content available",NULL,https://www.cnn.com/cnn-underscored/money/how-to-file-taxes?iid=CNNUnderscoredHPcontainer,Unknown,neutral
55,"Composting is an easy way to reduce food waste. Here's how to do it","No content available",NULL,https://www.cnn.com/cnn-underscored/home/how-to-compost-at-home?iid=CNNUnderscoredHPcontainer,Unknown,neutral
56,"We stopped using aluminum foil for cooking and you should too. Here's what to use instead","No content available",NULL,https://www.cnn.com/cnn-underscored/reviews/mmmat-silicone-mats?iid=CNNUnderscoredHPcontainer,Unknown,negative
57,"The beloved Dyson Supersonic hair dryer is at its lowest price ever","No content available",NULL,https://www.cnn.com/cnn-underscored/deals/dyson-supersonic-sale-2023-04-17?iid=CNNUnderscoredHPcontainer?iid=CNNUnderscoredHPcontainer,Unknown,positive
58,"Everything you need to know about Way Day 2023, Wayfair's biggest sale of the year","No content available",NULL,https://www.cnn.com/cnn-underscored/deals/wayfair-way-day-2023-04-17?iid=CNNUnderscoredHPcontainer,Unknown,neutral
59,"The 10 best Amazon deals to shop this week","No content available",NULL,https://www.cnn.com/cnn-underscored/deals/best-amazon-deals-2023-04-12?iid=CNNUnderscoredHPcontainer,Unknown,positive
60,"Mifepristone saved my life","The ruling earlier this month by a Texas federal judge to suspend the US Food and Drug Administration's approval of a drug that is used frequently for medication abortions, is very personal for me.",NULL,https://www.cnn.com/2023/04/18/opinions/medication-abortion-mifepristone-miscarriage-jones-ctpr/index.html,Unknown,positive
61,"The 2024 presidential alternative many voters will want","No content available",NULL,https://www.cnn.com/2023/04/18/opinions/2024-presidential-election-alternative-voters-lieberman,Unknown,positive
62,"Why isn't the House Judiciary Committee looking into Thomas?","On Monday, the GOP-controlled House Judiciary Committee — chaired by Donald Trump ally Rep. Jim Jordan — is set to hold a field hearing in New York City called "Victims of Violent Crime in Manhattan." A statement bills the hearing as an examination of how, the Judiciary Committee says, Manhattan District Attorney Alvin Bragg's policies have "led to an increase in violent crime and a dangerous community for New York City residents."",NULL,https://www.cnn.com/2023/04/17/opinions/jim-jordan-clarence-thomas-judiciary-committee-obeidallah/index.html,Unknown,neutral
63,"Top secrets come spilling out","In 1917, British analysts deciphered a coded message the German foreign minister sent to one of his country's diplomats vowing to begin "unrestricted submarine warfare" and seeking to win over Mexico with a promise to "reconquer the lost territory in Texas, New Mexico and Arizona" if the US entered the world war. When it became public, the Zimmerman Telegram caused a sensation, helping propel the US into the conflict against Germany.",NULL,https://www.cnn.com/2023/04/16/opinions/top-secrets-come-spilling-out-opinion-column-galant/index.html,Unknown,positive
64,"How did Sudan go from casting off despotic rule to this?","Four years ago, almost to the day, the people of Sudan were celebrating a revolution after overthrowing longtime dictator Omar al-Bashir. Now the East African country faces the possibility of a complete collapse similar to the chaos we see today in Yemen or Libya.",NULL,https://www.cnn.com/2023/04/17/opinions/sudan-revolution-to-civil-war-lynch/index.html,Unknown,neutral
65,"Michelle Yeoh set to return in new 'Star Trek' movie","Live long and prosper, Michelle Yeoh.",NULL,https://www.cnn.com/2023/04/18/entertainment/michelle-yeoh-star-trek-section-31/index.html,Unknown,neutral
66,"Recap: 'Succession' finds dark humor in the aftershocks","After the shock came the aftershocks, the power vacuum, and perhaps most significantly and impressively, the laughs, as "Succession" pivoted to face life after Logan Roy, in an episode that finally put the HBO show's title into full flower.",NULL,https://www.cnn.com/2023/04/16/entertainment/succession-season-4-episode-4-recap/index.html,Unknown,positive
67,"'Yellowjackets' leans hard into '90s music nostalgia, and we're here for it","Of the many dark gifts Showtime's eerie hit series "Yellowjackets" serves up for us, the juiciest this season is by far the music.",NULL,https://www.cnn.com/2023/04/14/entertainment/yellowjackets-90s-music/index.html,Unknown,negative
68,"Jeremy Renner revisits 'the amazing group of people' who helped him recover from his accident","Jeremy Renner is continuing his recovery after his devastating snowplow accident in January, and recognizing those who've helped him along the way.",NULL,https://www.cnn.com/2023/04/16/entertainment/jeremy-renner-update/index.html,Unknown,positive
69,"Review: 'Barry' takes a whack at its farewell season",""Barry" has taken chances from the very beginning, which is certainly true of a fourth and final season that picks up where the third left off, with its hitman-turned-wannabe actor getting arrested. That paves the way for an even darker season that accentuates the show's ensemble aspect while leaning a little too heavily on blurring lines with flights of fancy.",NULL,https://www.cnn.com/2023/04/14/entertainment/barry-season-4-review/index.html,Unknown,neutral
70,"Kamala Harris wants Medicare to help cover in-home eldercare. Here's how she plans to pay for it","<img class="type:primaryImage" src="https://i.kinja-img.com/image/upload/c_fit,q_80,w_636/8612b60ad2556daa27ff05e32ac4be69.jpg" /><p>Vice President Kamala Harris is proposing to expand Medicare benefits for home care services for elders. Her campaign says the proposal will be funded by savings generated from Harris’ plans for lowering government spending on prescription drug prices.<br /></p><p><a href="https://qz.com/kamala-harris-eldercare-funding-medicare-1851667707">Read more...</a></p>",NULL,https://qz.com/kamala-harris-eldercare-funding-medicare-1851667707,Unknown,NULL
71,"Two AI pioneers won the Nobel Prize for their work in machine learning","<img class="type:primaryImage" src="https://i.kinja-img.com/image/upload/c_fit,q_80,w_636/e04614969ced71971ea04833d265cc11.jpg" /><p>Two artificial intelligence pioneers were awarded the Nobel Prize  for their work in machine learning, which laid the foundation for the current AI boom.</p><p><a href="https://qz.com/ai-geoffrey-hinton-john-hopfield-machine-learning-nobel-1851667556">Read more...</a></p>",NULL,https://qz.com/ai-geoffrey-hinton-john-hopfield-machine-learning-nobel-1851667556,Unknown,NULL
72,"Toyota is delaying plans to make electric cars in America","<img class="type:primaryImage" src="https://i.kinja-img.com/image/upload/c_fit,q_80,w_636/79e8703b26d7cf51de9bd4a119f0d820.png" /><p><a class="sc-1out364-0 dPMosf sc-145m8ut-0 lcFFec js_link" href="https://jalopnik.com/car-buying/toyota">Toyota</a> is delaying the production of its <a class="sc-1out364-0 dPMosf sc-145m8ut-0 lcFFec js_link" href="https://jalopnik.com/toyota-slashes-its-already-low-ev-targets-1851641641">first U.S.-made electric vehicle until 2026</a> at the earliest. Still, it says it’s going to sell as many as seven all-electric vehicles here within the next two years. It’s going to be very interesting to see if that actually happens with the <a class="sc-1out364-0 dPMosf sc-145m8ut-0 lcFFec js_link" href="https://jalopnik.com/ditching-evs-for-hybrids-is-already-paying-off-for-auto-1851640422">EV market being as unpredictable</a> as…</p><p><a href="https://qz.com/toyotal-evs-electric-cars-hybrids-us-production-1851667677">Read more...</a></p>",NULL,https://qz.com/toyotal-evs-electric-cars-hybrids-us-production-1851667677,Unknown,NULL
73,"Bitcoin creator Satoshi Nakamoto unmasked: Will HBO reveal who really made the cryptocurrency?","<img class="type:primaryImage" src="https://i.kinja-img.com/image/upload/c_fit,q_80,w_636/6a363a034e712602ee791f42e5a75cbb.jpg" /><p>HBO’s (<a class="sc-1out364-0 dPMosf sc-145m8ut-0 lcFFec js_link" href="https://qz.com/quote/WBD" rel="noopener noreferrer" target="_blank">WBD</a>) latest documentary, “<a class="sc-1out364-0 dPMosf sc-145m8ut-0 lcFFec js_link" href="https://www.hbo.com/movies/money-electric-the-bitcoin-mystery" rel="noopener noreferrer" target="_blank">Money Electric: The Bitcoin Mystery</a>,” premiering Tuesday, <a class="sc-1out364-0 dPMosf sc-145m8ut-0 lcFFec js_link" href="https://qz.com/hbo-documentary-bitcoin-creator-satoshi-nakamoto-1851666819?_gl=1*k9nmcw*_ga*MTU2MDE5NDI5OS4xNzI3NzIxMzUz*_ga_V4QNJTT5L0*MTcyODM5NzM1NC4zMi4xLjE3MjgzOTczODEuMzMuMC4w" rel="noopener noreferrer" target="_blank">promises to delve into one of the greatest enigmas of the digital age: the identity of Bitcoin’s elusive creator</a>, believed to be among the richest and most enigmatic individuals on the planet.<br /></p><p><a href="https://qz.com/bitcoin-creator-satoshi-nakamoto-hbo-documentary-1851667608">Read more...</a></p>",NULL,https://qz.com/bitcoin-creator-satoshi-nakamoto-hbo-documentary-1851667608,Unknown,NULL
74,"Even a grocery store is offering free streaming perks now","<img class="type:primaryImage" src="https://i.kinja-img.com/image/upload/c_fit,q_80,w_636/fba2ae1b42a767e45897a9872cd060ca.jpg" /><p>Kroger (<a class="sc-1out364-0 dPMosf sc-145m8ut-0 lcFFec js_link" href="https://qz.com/quote/KR" rel="noopener noreferrer" target="_blank">KR</a>), the nation’s largest grocer, is now helping cover some of its customers’ streaming subscriptions.<br /></p><p><a href="https://qz.com/kroger-disney-plus-membership-streaming-1851667620">Read more...</a></p>",NULL,https://qz.com/kroger-disney-plus-membership-streaming-1851667620,Unknown,NULL
75,"10 cities where low mortgage rates have homeowners locked in 'golden handcuffs'","<img class="type:primaryImage" src="https://i.kinja-img.com/image/upload/c_fit,q_80,w_636/a7da16e68789dadee277991c3c0f5d7d.jpg" /><p>Despite signs that the <a class="sc-1out364-0 dPMosf sc-145m8ut-0 lcFFec js_link" href="https://qz.com/housing-market-mortgage-rates-lock-in-effect-listings-1851632607?rev=1724771767980" rel="noopener noreferrer" target="_blank">“lock-in” effect is beginning to fade</a>, many homeowners that snagged rock-bottom mortgage rates during the pandemic are still waiting on rates to fall again before making a move.<br /></p><p><a href="https://qz.com/homeowners-mortgage-rates-golden-handcuffs-lock-in-1851667517">Read more...</a></p>",NULL,https://qz.com/homeowners-mortgage-rates-golden-handcuffs-lock-in-1851667517,Unknown,NULL
76,"Tesla's big robotaxi event might not even have real cars","<img class="type:primaryImage" src="https://i.kinja-img.com/image/upload/c_fit,q_80,w_636/b0d96357fc1c11f2f90813c8ba7bc07e.jpg" /><p><a class="sc-1out364-0 dPMosf sc-145m8ut-0 lcFFec js_link" href="https://jalopnik.com/tesla-can-t-even-make-full-self-driving-work-in-a-tunne-1851634303">Tesla</a> has big plans to release a <a class="sc-1out364-0 dPMosf sc-145m8ut-0 lcFFec js_link" href="https://jalopnik.com/a-robotaxi-wont-solve-teslas-mounting-issues-1851473930">company-saving robotaxi</a> next week, leveraging the <a class="sc-1out364-0 dPMosf sc-145m8ut-0 lcFFec js_link" href="https://jalopnik.com/even-elon-musk-s-lawyers-don-t-think-autonomous-teslas-1851665228">incredible advantage in autonomous technology</a> that <a class="sc-1out364-0 dPMosf sc-145m8ut-0 lcFFec js_link" href="https://jalopnik.com/tesla-s-full-self-driving-tech-isn-t-just-around-the-c-1851485259">the company swears it has</a> in order to prevent <a class="sc-1out364-0 dPMosf sc-145m8ut-0 lcFFec js_link" href="https://jalopnik.com/silicon-valley-tech-bros-are-out-on-tesla-1851651247">the whole house of cards from tumbling down</a>. The Tesla faithful hoping to see a real life robotaxi might be disappointed, however: New…</p><p><a href="https://qz.com/tesla-robotaxi-event-elon-musk-self-driving-cars-evs-1851667564">Read more...</a></p>",NULL,https://qz.com/tesla-robotaxi-event-elon-musk-self-driving-cars-evs-1851667564,Unknown,NULL
77,"SpaceX says it could launch Starship soon if the FAA lets it","<img class="type:primaryImage" src="https://i.kinja-img.com/image/upload/c_fit,q_80,w_636/e67c1a1babb5c373196357f7590990c8.jpg" /><p>Elon Musk’s SpaceX has said it could launch its next test of the Starship megarocket as soon as Oct. 13 — as long as it gets regulatory approval from the Federal Aviation Administration (FAA).</p><p><a href="https://qz.com/spacex-starship-rocket-fifth-launch-test-elon-musk-faa-1851667523">Read more...</a></p>",NULL,https://qz.com/spacex-starship-rocket-fifth-launch-test-elon-musk-faa-1851667523,Unknown,NULL
78,"Uber will use ChatGPT to get more people to use EVs","<img class="type:primaryImage" src="https://i.kinja-img.com/image/upload/c_fit,q_80,w_636/2d6d7bca90e7c3b1a690761e879150ba.jpg" /><p>Uber (<a class="sc-1out364-0 dPMosf sc-145m8ut-0 lcFFec js_link" href="https://qz.com/quote/UBER" rel="noopener noreferrer" target="_blank">UBER</a>) is looking to encourage users and drivers to opt for electric vehicles.<br /></p><p><a href="https://qz.com/uber-green-electric-vehicles-evs-ai-assistant-1851667513">Read more...</a></p>",NULL,https://qz.com/uber-green-electric-vehicles-evs-ai-assistant-1851667513,Unknown,NULL
79,"Everything to know about Nvidia, from the stock to its AI chips","<img class="type:primaryImage" src="https://i.kinja-img.com/image/upload/c_fit,q_80,w_636/e989a78d92952961ce408539c230caf9.jpg" /><p><a class="sc-1out364-0 dPMosf sc-145m8ut-0 lcFFec js_link" href="https://qz.com/nvidia-history-origin-ai-chip-jensen-huang-1851372906" rel="noopener noreferrer" target="_blank">Nvidia</a> has emerged as one of the hottest <a class="sc-1out364-0 dPMosf sc-145m8ut-0 lcFFec js_link" href="https://qz.com/ai-artificial-intelligence-glossary-vocabulary-terms-1851422473" rel="noopener noreferrer" target="_blank">artificial intelligence</a> stocks on the market. The 31-year-old company’s meteoric rise is largely due to <a class="sc-1out364-0 dPMosf sc-145m8ut-0 lcFFec js_link" href="https://qz.com/ai-stocks-dot-com-bubble-nvidia-google-microsoft-amazon-1851407019" rel="noopener noreferrer" target="_blank">the recent AI boom</a>, which revealed the unexpected potential of its core product, the graphics processing units (GPUs), for AI development.<br /></p><p><a href="https://qz.com/nvidia-stock-ai-chips-market-cap-1851647728">Read more...</a></p>",NULL,https://qz.com/nvidia-stock-ai-chips-market-cap-1851647728,Unknown,NULL
80,"Why are the world's wealthiest families flocking to family offices?","<img class="type:primaryImage" src="https://i.kinja-img.com/image/upload/c_fit,q_80,w_636/125a249558f2ae52fe8d92e668479a9d.jpg" /><p>The wealthiest families in the world are increasingly investing their portfolios into risk assets rather than cash, a recent survey of more than 338 family offices revealed.<br /></p><p><a href="https://qz.com/why-world-wealthiest-families-flocking-family-offices-1851665724">Read more...</a></p>",NULL,https://qz.com/why-world-wealthiest-families-flocking-family-offices-1851665724,Unknown,NULL
81,"The top 10 mental health apps to try on World Mental Health Day","<img class="type:primaryImage" src="https://i.kinja-img.com/image/upload/c_fit,q_80,w_636/963bf2891df7c3e19106b56cec7c8c98.jpg" /><p>In honor of World Mental Health Day on October 10 and National Depression and Mental Health Screening Month, we’re highlighting apps aiming to assist the millions of people seeking to improve their mental health. In 2019, an estimated <a class="sc-1out364-0 dPMosf sc-145m8ut-0 lcFFec js_link" href="https://www.who.int/publications/i/item/9789240049338" rel="noopener noreferrer" target="_blank">970 million people</a> worldwide were living with a mental disorder, according to the…</p><p><a href="https://qz.com/calm-finch-world-mental-health-day-apps-1851666018">Read more...</a></p>",NULL,https://qz.com/calm-finch-world-mental-health-day-apps-1851666018,Unknown,NULL
82,"Costco's gold bars are selling out fast","<img class="type:primaryImage" src="https://i.kinja-img.com/image/upload/c_fit,q_80,w_636/eea1067b4d236d6ea531b3add498e85e.jpg" /><p>In a striking display of <a class="sc-1out364-0 dPMosf sc-145m8ut-0 lcFFec js_link" href="https://qz.com/costco-platinum-bars-gold-and-silver-retail-consumers-1851663436" rel="noopener noreferrer" target="_blank">shifting</a> consumer behavior, Costco (<a class="sc-1out364-0 dPMosf sc-145m8ut-0 lcFFec js_link" href="https://qz.com/quote/COST" rel="noopener noreferrer" target="_blank">COST</a>) Wholesale gold bars are disappearing from shelves faster than they can be restocked. </p><p><a href="https://qz.com/costco-gold-bars-metal-silver-platinum-retail-consumer-1851667327">Read more...</a></p>",NULL,https://qz.com/costco-gold-bars-metal-silver-platinum-retail-consumer-1851667327,Unknown,NULL
83,"FTX shareholders could get $1 billion after crypto firm is cleared to fully repay customers","<img class="type:primaryImage" src="https://i.kinja-img.com/image/upload/c_fit,q_80,w_636/a0da3871c4dbf126245cc0ae4a47b7bd.jpg" /><p>A judge has reportedly approved payments to customers of collapsed crypto exchange FTX — and its shareholders could get $1 billion in seized assets. </p><p><a href="https://qz.com/ftx-shareholders-billion-seized-crypto-exchange-sbf-1851667188">Read more...</a></p>",NULL,https://qz.com/ftx-shareholders-billion-seized-crypto-exchange-sbf-1851667188,Unknown,NULL
84,"Christine McVie’s Fleetwood Mac scrapbook, Dianne Feinstein’s books, and an iconic Marilyn Monroe portrait: this week’s auction block roundup","<img class="type:primaryImage" src="https://i.kinja-img.com/image/upload/c_fit,q_80,w_636/b08a23f0ad44536bd2d771ef878965b7.jpg" /><p>Each week Quartz highlights the upcoming and ongoing sales at auction houses across the world. Among the items available are works of art, historical artifacts, and pop culture memorabilia that collectors won’t want to miss out on. While some of these objects go for millions, others are simultaneously affordable and…</p><p><a href="https://qz.com/this-week-s-auction-block-roundup-1851667217">Read more...</a></p>",NULL,https://qz.com/this-week-s-auction-block-roundup-1851667217,Unknown,NULL
85,"McDonald's is suing Tyson Foods for allegedly choking the beef supply chain to raise prices","<img class="type:primaryImage" src="https://i.kinja-img.com/image/upload/c_fit,q_80,w_636/c05075daf60d07669013f7602b944647.jpg" /><p><a class="sc-1out364-0 dPMosf sc-145m8ut-0 lcFFec js_link" href="https://qz.com/mcdonalds-chicken-big-mac-retail-consumers-1851664859" rel="noopener noreferrer" target="_blank">McDonald’s</a> has filed a <a class="sc-1out364-0 dPMosf sc-145m8ut-0 lcFFec js_link" href="https://fingfx.thomsonreuters.com/gfx/legaldocs/jnvwjeeakpw/McDonald's%20v%20Cargill%20-%20EDNY%20-%2020241004.pdf" rel="noopener noreferrer" target="_blank">lawsuit</a> against Tyson Foods (<a class="sc-1out364-0 dPMosf sc-145m8ut-0 lcFFec js_link" href="https://qz.com/quote/TSN" rel="noopener noreferrer" target="_blank">TSN</a>), JBS, and other  major meat processing companies, accusing them of colluding for years to limit beef supplies.<br /></p><p><a href="https://qz.com/mcdonalds-sues-tyson-foods-jbs-cargill-beef-supply-1851667117">Read more...</a></p>",NULL,https://qz.com/mcdonalds-sues-tyson-foods-jbs-cargill-beef-supply-1851667117,Unknown,NULL
86,"Donald Trump's plans would cut taxes on the richest 5% of America — and raise them for everyone else","<img class="type:primaryImage" src="https://i.kinja-img.com/image/upload/c_fit,q_80,w_636/003c6e4fa140321f294be54cd74a46d5.jpg" /><p>Former President Donald Trump has promised to slash — or scrap — a lot of taxes. But his plans to hike tariffs on imports would “more than offset” those tax cuts for all but the richest 5% of Americans, according to a <a class="sc-1out364-0 dPMosf sc-145m8ut-0 lcFFec js_link" href="https://itep.org/a-distributional-analysis-of-donald-trumps-tax-plan-2024/" rel="noopener noreferrer" target="_blank">new analysis</a>. </p><p><a href="https://qz.com/donald-trump-tax-cuts-wealthiest-americans-tarrifs-1851667005">Read more...</a></p>",NULL,https://qz.com/donald-trump-tax-cuts-wealthiest-americans-tarrifs-1851667005,Unknown,NULL
87,"Super Micro Computer stock surges 15% on big AI demand","<img class="type:primaryImage" src="https://i.kinja-img.com/image/upload/c_fit,q_80,w_636/b0757900a5910da0c80f614a0b1b05db.jpg" /><p>Server company Super Micro Computer (<a class="sc-1out364-0 dPMosf sc-145m8ut-0 lcFFec js_link" href="https://qz.com/quote/SMCI" rel="noopener noreferrer" target="_blank">SMCI</a>) unveiled a new liquid cooling solution for AI data centers on Monday, while also revealing it’s shipping over 100,000 graphics processing units (GPUs) quarterly — news that sent its stock climbing more than 15% in midday trading.</p><p><a href="https://qz.com/super-micro-computer-stock-shares-surge-ai-demand-gpu-1851667019">Read more...</a></p>",NULL,https://qz.com/super-micro-computer-stock-shares-surge-ai-demand-gpu-1851667019,Unknown,NULL
88,"A hot meal on a transatlantic JetBlue flight will now cost extra","<img class="type:primaryImage" src="https://i.kinja-img.com/image/upload/c_fit,q_80,w_636/4d23d5624d6070712e3d63ca64bc48a1.jpg" /><p>JetBlue is making a big change to its transatlantic flight offerings. CNN (<a class="sc-1out364-0 dPMosf sc-145m8ut-0 lcFFec js_link" href="https://qz.com/quote/WBD" rel="noopener noreferrer" target="_blank">WBD</a>) reports that the company’s “core” fares flying to Europe and the U.K. will <a class="sc-1out364-0 dPMosf sc-145m8ut-0 lcFFec js_link" href="https://www.cnn.com/2024/10/07/travel/jetblue-drops-hot-meals-economy-passengers/index.html" rel="noopener noreferrer" target="_blank">no longer come</a> with hot meals.</p><p><a href="https://qz.com/jetblue-transatlantic-hot-food-cut-1851667000">Read more...</a></p>",NULL,https://qz.com/jetblue-transatlantic-hot-food-cut-1851667000,Unknown,NULL
89,"EV chargers that feel more like a gas station are coming","<img class="type:primaryImage" src="https://i.kinja-img.com/image/upload/c_fit,q_80,w_636/d58fbe47c8ba02fee3d888b4ff0d6805.png" /><p>One major key to EV adoption is creating a comprehensive charging network. Not only does it have to be <a class="sc-1out364-0 dPMosf sc-145m8ut-0 lcFFec js_link" href="https://jalopnik.com/ev-charging-should-be-so-much-easier-1850784127?_gl=1*169sb8c*_ga*MTM0NDQ4ODA2My4xNzIyMzc4NDE0*_ga_V4QNJTT5L0*MTcyODMwMTQ1Ny4xMTguMS4xNzI4MzA1Njk0LjU3LjAuMA..">convenient</a>, it has to be <a class="sc-1out364-0 dPMosf sc-145m8ut-0 lcFFec js_link" href="https://jalopnik.com/non-tesla-evs-are-having-a-hard-time-using-supercharger-1851662200?_gl=1*169sb8c*_ga*MTM0NDQ4ODA2My4xNzIyMzc4NDE0*_ga_V4QNJTT5L0*MTcyODMwMTQ1Ny4xMTguMS4xNzI4MzA1Njk0LjU3LjAuMA..">appealing</a>.  One company is making a valiant attempt with its new gas station-like EV chargers. </p><p><a href="https://qz.com/rove-ev-charger-gas-station-california-1851667059">Read more...</a></p>",NULL,https://qz.com/rove-ev-charger-gas-station-california-1851667059,Unknown,NULL
90,"Bankrupt EV startup Fisker left its abandoned headquarters in 'complete disarray'","<img class="type:primaryImage" src="https://i.kinja-img.com/image/upload/c_fit,q_80,w_636/1b6194a6700ba7915bcebc87bf5f1507.png" /><p><a class="sc-1out364-0 dPMosf sc-145m8ut-0 lcFFec js_link" href="https://jalopnik.com/fisker-is-dead-but-its-legal-troubles-are-just-beginnin-1851666516">Fisker can’t seem to do anything right</a> – and that includes closing up shop. Apparently, the <a class="sc-1out364-0 dPMosf sc-145m8ut-0 lcFFec js_link" href="https://jalopnik.com/fisker-resorts-to-fixing-customer-cars-with-preproducti-1851454868?_gl=1*1un33re*_ga*MTI1NTUyODY0OS4xNjgzODI2NTIz*_ga_V4QNJTT5L0*MTcyODMxOTM1OC4xMzMuMS4xNzI4MzE5NTU3LjQ5LjAuMA..">La Palma, California headquarters</a> of <a class="sc-1out364-0 dPMosf sc-145m8ut-0 lcFFec js_link" href="https://jalopnik.com/comedy-of-errors-led-to-fisker-s-bankruptcy-1851550234">the now-dead automaker</a> was abandoned and left in “complete disarray” with full-size <a class="sc-1out364-0 dPMosf sc-145m8ut-0 lcFFec js_link" href="https://jalopnik.com/gm-clay-sculptor-buys-the-shittiest-car-in-the-junkyard-1844575033">clay models,</a> automotive equipment, <a class="sc-1out364-0 dPMosf sc-145m8ut-0 lcFFec js_link" href="https://jalopnik.com/real-world-solid-state-batteries-are-here-and-its-blowi-1851595209">EV batteries </a>and hazardous waste left behind.</p><p><a href="https://qz.com/fisker-bankruptcy-evs-headquarters-lawsuit-1851667041">Read more...</a></p>",NULL,https://qz.com/fisker-bankruptcy-evs-headquarters-lawsuit-1851667041,Unknown,NULL
91,"A Frontier Airlines flight trailed flames as it landed","<video loop="" poster="https://i.kinja-img.com/image/upload/c_fit,q_80,w_636/76a04059b0e2d273d3844bf96c600130.jpg"><source src="https://i.kinja-img.com/image/upload/c_fit,q_80,w_636/76a04059b0e2d273d3844bf96c600130.mp4" type="video/mp4" /></video><p>Clapping when a flight lands may be a fading tradition, but it’s fully deserved some days. Passengers on <a class="sc-1out364-0 dPMosf sc-145m8ut-0 lcFFec js_link" href="https://jalopnik.com/frontier-launches-149-monthly-unlimited-flight-pass-wi-1850696796">a Frontier Airlines flight</a> certainly had a reason for applause on Saturday after the flight from San Diego trailed flames from its landing gear while landing at <a class="sc-1out364-0 dPMosf sc-145m8ut-0 lcFFec js_link" href="https://jalopnik.com/passenger-threatened-to-bomb-vegas-airport-because-he-c-1851647377">Harry Reid International Airport</a> in Las Vegas. All…</p><p><a href="https://qz.com/frontier-airlines-flight-flames-land-las-vegas-airbus-1851667033">Read more...</a></p>",NULL,https://qz.com/frontier-airlines-flight-flames-land-las-vegas-airbus-1851667033,Unknown,NULL
92,"A classic Hamptons home, cliffside Beverly Hills bungalow and mansion-sized Manhattan townhouse: This week’s real estate roundup","<img class="type:primaryImage" src="https://i.kinja-img.com/image/upload/c_fit,q_80,w_636/5c7b422cd1d4376df2c5bd5cab800146.jpg" /><p>Each week Quartz highlights the most luxurious real estate listings across the country. These properties feature remarkable views, enviable locations, and lavish amenities — and they’re all on the market right now. Check out the best homes that are available with upcoming open houses.<br /></p><p><a href="https://qz.com/most-fabulous-real-estate-listings-oct-2024-1851666947">Read more...</a></p>",NULL,https://qz.com/most-fabulous-real-estate-listings-oct-2024-1851666947,Unknown,NULL
93,"Trump Media stock spikes 15% after Elon Musk came to a campaign rally","<img class="type:primaryImage" src="https://i.kinja-img.com/image/upload/c_fit,q_80,w_636/c44a202c802d764879de499d29565f49.jpg" /><p><a class="sc-1out364-0 dPMosf sc-145m8ut-0 lcFFec js_link" href="https://qz.com/trump-media-djt-stock-chart-market-cap-truth-social-1851430157?_gl=1*1gzgwni*_ga*MTY1NjQyMDgwNC4xNzIxMDcwOTUy*_ga_V4QNJTT5L0*MTcyODMxOTg5MS4yNTkuMC4xNzI4MzE5ODkzLjU4LjAuMA.." rel="noopener noreferrer" target="_blank">Trump Media & Technology Group</a> stock spiked more than 15% Monday after Tesla (<a class="sc-1out364-0 dPMosf sc-145m8ut-0 lcFFec js_link" href="https://qz.com/quote/TSLA" rel="noopener noreferrer" target="_blank">TSLA</a>) and SpaceX chief Elon Musk <a class="sc-1out364-0 dPMosf sc-145m8ut-0 lcFFec js_link" href="https://www.politico.com/news/2024/10/05/elon-musk-trump-butler-rally-00182615" rel="noopener noreferrer" target="_blank">appeared next to former President Donald Trump</a> at a campaign rally Saturday.<br /></p><p><a href="https://qz.com/trump-media-djt-elon-musk-campaign-rally-butler-1851666928">Read more...</a></p>",NULL,https://qz.com/trump-media-djt-elon-musk-campaign-rally-butler-1851666928,Unknown,NULL
94,"Panera Bread settled a Charged Lemonade lawsuit after a student's death","<img class="type:primaryImage" src="https://i.kinja-img.com/image/upload/c_fit,q_80,w_636/e73238ef5af36a137eb5afbe7f22b301.jpg" /><p>Panera Bread has reached an agreement with the family of an Ivy League student who tragically passed away after consuming its <a class="sc-1out364-0 dPMosf sc-145m8ut-0 lcFFec js_link" href="https://qz.com/panera-charged-up-lemonade-lawsuits-1851461401?_gl=1*mfrlcd*_ga*MTkzNTUxMDgwMy4xNzI0MjQ2NjI3*_ga_V4QNJTT5L0*MTcyODMxMDQzMS44NS4xLjE3MjgzMTgxNDAuNjAuMC4w" rel="noopener noreferrer" target="_blank">now-discontinued Charged Lemonade</a>, as first <a class="sc-1out364-0 dPMosf sc-145m8ut-0 lcFFec js_link" href="https://www.nbcnews.com/news/us-news/panera-settles-first-plaintiff-charged-lemonade-wrongful-death-suits-rcna174244" rel="noopener noreferrer" target="_blank">reported</a> by NBC News (<a class="sc-1out364-0 dPMosf sc-145m8ut-0 lcFFec js_link" href="https://qz.com/quote/CMCSA" rel="noopener noreferrer" target="_blank">CMCSA</a>). </p><p><a href="https://qz.com/panera-settles-lawsuit-death-charged-lemonade-1851666844">Read more...</a></p>",NULL,https://qz.com/panera-settles-lawsuit-death-charged-lemonade-1851666844,Unknown,NULL
95,"Tesla Cybertrucks are still being insured by Geico — despite claims otherwise","<img class="type:primaryImage" src="https://i.kinja-img.com/image/upload/c_fit,q_80,w_636/9846be04a6b746c04929a59b9eaa597d.jpg" /><p>Geico (<a class="sc-1out364-0 dPMosf sc-145m8ut-0 lcFFec js_link" href="https://qz.com/quote/BRK.A" rel="noopener noreferrer" target="_blank">BRK.A</a>) on Monday denied that it has stopped underwriting Tesla’s (<a class="sc-1out364-0 dPMosf sc-145m8ut-0 lcFFec js_link" href="https://qz.com/quote/TSLA" rel="noopener noreferrer" target="_blank">TSLA</a>) Cybertruck electric pickups after claims circulated on social media and <a class="sc-1out364-0 dPMosf sc-145m8ut-0 lcFFec js_link" href="https://www.cybertruckownersclub.com/forum/threads/geico-cancelling-all-cybertruck-insurance-policies-what.24927/" rel="noopener noreferrer" target="_blank">enthusiast forums</a>.</p><p><a href="https://qz.com/tesla-cybertruck-geico-insurance-evs-elon-musk-1851666695">Read more...</a></p>",NULL,https://qz.com/tesla-cybertruck-geico-insurance-evs-elon-musk-1851666695,Unknown,NULL
96,"Boeing is restarting talks to end a strike some compare to an economic Hurricane Helene","<img class="type:primaryImage" src="https://i.kinja-img.com/image/upload/c_fit,q_80,w_636/d87cb7e4a4775685ef265d4b4f06a837.jpg" /><p>Boeing (<a class="sc-1out364-0 dPMosf sc-145m8ut-0 lcFFec js_link" href="https://qz.com/quote/BA" rel="noopener noreferrer" target="_blank">BA</a>) is back at the table with the machinists who <a class="sc-1out364-0 dPMosf sc-145m8ut-0 lcFFec js_link" href="https://qz.com/boeing-machinis-union-labor-strike-contract-wages-1851647608" rel="noopener noreferrer" target="_blank">have been on strike</a> for more than three weeks. Some economy observers are comparing the work stoppage’s impact to that of Hurricane Helene.</p><p><a href="https://qz.com/boeing-strike-negotiations-act-of-god-1851666732">Read more...</a></p>",NULL,https://qz.com/boeing-strike-negotiations-act-of-god-1851666732,Unknown,NULL
97,"Who really created Bitcoin? A new HBO documentary claims it has the answer","<img class="type:primaryImage" src="https://i.kinja-img.com/image/upload/c_fit,q_80,w_636/24a7fc9a9e3fa9eac8b8381fae5cb121.jpg" /><p><a class="sc-1out364-0 dPMosf sc-145m8ut-0 lcFFec js_link" href="https://www.hbo.com/movies/money-electric-the-bitcoin-mystery" rel="noopener noreferrer" target="_blank">“Money Electric: The Bitcoin Mystery,”</a> a new documentary from HBO (<a class="sc-1out364-0 dPMosf sc-145m8ut-0 lcFFec js_link" href="https://qz.com/quote/WBD" rel="noopener noreferrer" target="_blank">WBD</a>) debuting Tuesday, promises to unmask  one of the richest and most mysterious figures on the planet: the creator of <a class="sc-1out364-0 dPMosf sc-145m8ut-0 lcFFec js_link" href="https://qz.com/bitcoin-ether-etf-solana-xrp-sec-1851664387" rel="noopener noreferrer" target="_blank">Bitcoin</a>. </p><p><a href="https://qz.com/hbo-documentary-bitcoin-creator-satoshi-nakamoto-1851666819">Read more...</a></p>",NULL,https://qz.com/hbo-documentary-bitcoin-creator-satoshi-nakamoto-1851666819,Unknown,NULL
98,"Martin Shkreli can't escape his $64 million fine","<img class="type:primaryImage" src="https://i.kinja-img.com/image/upload/c_fit,q_80,w_636/b0e9f120d2b5ffca2843f12513c320e6.jpg" /><p>The U.S. Supreme Court decided on Monday not to take up Martin Shkreli’s appeal of a $64.6 million penalty he received after raising the price of a lifesaving drug by more than 4,000% during his time as a pharma CEO.<br /></p><p><a href="https://qz.com/supreme-court-martin-shkreli-fine-1851666753">Read more...</a></p>",NULL,https://qz.com/supreme-court-martin-shkreli-fine-1851666753,Unknown,NULL
99,"Red Lobster's new CEO admits it: 'Endless Shrimp' was a disaster","<img class="type:primaryImage" src="https://i.kinja-img.com/image/upload/c_fit,q_80,w_636/a32342112a9412fc3a28da54536488c1.jpg" /><p>Red Lobster’s new CEO, Damola Adamolekun, boldly declared the “Endless Shrimp” promotion a failure, citing its significant strain on the restaurant’s operations.<br /></p><p><a href="https://qz.com/red-lobster-ceo-endless-shrimp-disaster-1851666647">Read more...</a></p>",NULL,https://qz.com/red-lobster-ceo-endless-shrimp-disaster-1851666647,Unknown,NULL
100,"Fisker is dead. But its legal problems are very much alive","<img class="type:primaryImage" src="https://i.kinja-img.com/image/upload/c_fit,q_80,w_636/5b0864996a408a33512354c4299d853d.png" /><p><a class="sc-1out364-0 dPMosf sc-145m8ut-0 lcFFec js_link" href="https://jalopnik.com/fisker-ocean-owners-are-no-longer-marooned-as-new-servi-1851659156">Sure, Fisker is dead</a>, but<a class="sc-1out364-0 dPMosf sc-145m8ut-0 lcFFec js_link" href="https://jalopnik.com/fisker-is-dead-and-heres-why-1851546063"> its legal problems aren’t going</a> away anytime soon. The troubled automaker is now facing multiple subpoenas from the <a class="sc-1out364-0 dPMosf sc-145m8ut-0 lcFFec js_link" href="https://jalopnik.com/comedy-of-errors-led-to-fisker-s-bankruptcy-1851550234">Securities and Exchange Commission</a> after filing for bankruptcy protection back in June because it burned through too much cash trying to ramp up <a class="sc-1out364-0 dPMosf sc-145m8ut-0 lcFFec js_link" href="https://jalopnik.com/this-bricked-fisker-ocean-only-needed-a-100-part-to-ru-1851653918">Ocean EV</a> production.<br /></p><p><a href="https://qz.com/fisker-bankruptcy-sec-subpoena-legal-troubles-evs-1851666707">Read more...</a></p>",NULL,https://qz.com/fisker-bankruptcy-sec-subpoena-legal-troubles-evs-1851666707,Unknown,NULL
101,"Donald Trump would balloon the federal debt by twice as much as Kamala Harris, report says","<img class="type:primaryImage" src="https://i.kinja-img.com/image/upload/c_fit,q_80,w_636/70bb85f239d4315025d3266bd8e9c0f8.jpg" /><p>Regardless of whether Former President Donald Trump or Vice President Kamala Harris becomes the next president of the United States, there’s at least one clear loser —  deficit hawks. </p><p><a href="https://qz.com/donald-trump-kamala-harris-federal-debt-crfb-1851666579">Read more...</a></p>",NULL,https://qz.com/donald-trump-kamala-harris-federal-debt-crfb-1851666579,Unknown,NULL
102,"FTX token, Sui, Aptos, Popcat, and more: Cryptocurrencies to watch this week","<img class="type:primaryImage" src="https://i.kinja-img.com/image/upload/c_fit,q_80,w_636/21216b4e9d998690a33858235e380fae.jpg" /><p>The crypto market is closely tracking the stock market’s movements, reflecting broader economic trends. After a surge on Friday, spurred by a strong jobs report, cryptocurrencies saw a downturn on Monday morning as escalating tensions in the Middle East weighed on investor sentiment. However, Nvidia’s (<a class="sc-1out364-0 dPMosf sc-145m8ut-0 lcFFec js_link" href="https://qz.com/quote/NVDA" rel="noopener noreferrer" target="_blank">NVDA</a>) AI summit…</p><p><a href="https://qz.com/ftx-token-sui-aptos-popcat-cryptocurrencies-to-watch-1851666642">Read more...</a></p>",NULL,https://qz.com/ftx-token-sui-aptos-popcat-cryptocurrencies-to-watch-1851666642,Unknown,NULL
103,"Even Big Oil wants Donald Trump to keep Joe Biden's climate law — or at least parts of it","<img class="type:primaryImage" src="https://i.kinja-img.com/image/upload/c_fit,q_80,w_636/1a23d41a5a267b8e76033af4e2dd48ad.jpg" /><p>Former President Donald Trump has been publicly critical of the sitting president’s signature climate bill and its benefits for clean energy. But even the oil lobby apparently wants to save the Inflation Reduction Act — just without some of the benefits for rival industries and products. </p><p><a href="https://qz.com/oil-lobby-donald-trump-joe-biden-ira-spending-evs-1851666483">Read more...</a></p>",NULL,https://qz.com/oil-lobby-donald-trump-joe-biden-ira-spending-evs-1851666483,Unknown,NULL
104,"The Dow drops over 300 points as oil prices and Treasury yields rise","<img class="type:primaryImage" src="https://i.kinja-img.com/image/upload/c_fit,q_80,w_636/c5b897b911d0d701ba61e7d39f709233.jpg" /><p>The Dow pulled back on Monday, pressured by a sharp rise in Treasury bond yields, <a class="sc-1out364-0 dPMosf sc-145m8ut-0 lcFFec js_link" href="https://www.reuters.com/markets/global-markets-wrapup-1-2024-10-07/#:~:text=That%20sent%20yields%20on%20government,on%20Friday's%2013%20bp%20surge." rel="noopener noreferrer" target="_blank">which surged to their highest levels in two months.</a> Escalating tensions in the Middle East added further uncertainty, contributing to a cautious market sentiment and an <a class="sc-1out364-0 dPMosf sc-145m8ut-0 lcFFec js_link" href="https://www.nytimes.com/2024/10/05/business/dealbook/israel-iran-global-economy.html" rel="noopener noreferrer" target="_blank">increase in oil prices.</a><br /></p><p><a href="https://qz.com/dow-decline-rise-oil-prices-treasury-yields-1851666522">Read more...</a></p>",NULL,https://qz.com/dow-decline-rise-oil-prices-treasury-yields-1851666522,Unknown,NULL
105,"Goldman Sachs says the S&P 500 could hit 6,000 this year","<img class="type:primaryImage" src="https://i.kinja-img.com/image/upload/c_fit,q_80,w_636/7677ba62f57fcc47be808d77ce93354e.jpg" /><p>Goldman Sachs (<a class="sc-1out364-0 dPMosf sc-145m8ut-0 lcFFec js_link" href="https://qz.com/quote/GS" rel="noopener noreferrer" target="_blank">GS</a>) raised it forecast for the S&amp;P 500 by year-end as the U.S. economy shows increasing signs of resilience.<br /></p><p><a href="https://qz.com/sp-500-stock-market-economy-recession-goldman-sachsa-1851666494">Read more...</a></p>",NULL,https://qz.com/sp-500-stock-market-economy-recession-goldman-sachsa-1851666494,Unknown,NULL
106,"Inside the slow-motion fall of Patrick Drahi","<img class="type:primaryImage" src="https://i.kinja-img.com/image/upload/c_fit,q_80,w_636/1825af7696f625fc5cc0779b5a92329d.png" /><p>A version of this article originally appeared in Quartz’s members-only Weekend Brief newsletter. Quartz members get access to exclusive newsletters and more. <a class="sc-1out364-0 dPMosf sc-145m8ut-0 lcFFec js_link" href="https://qz.com/subscribe/plan" rel="noopener noreferrer" target="_blank">Sign up here</a>.</p><p><a href="https://qz.com/patrick-drahi-sotheby-altice-john-malone-1851665674">Read more...</a></p>",NULL,https://qz.com/patrick-drahi-sotheby-altice-john-malone-1851665674,Unknown,NULL
107,"Bitcoin and Ether ETFs helped take crypto mainstream. Are Solana and XRP next?","<img class="type:primaryImage" src="https://i.kinja-img.com/image/upload/c_fit,q_80,w_636/ddc65c7151ed150ed2b35f2b6c9c566b.jpg" /><p>The Securities and Exchange Commission (SEC) approved b<a class="sc-1out364-0 dPMosf sc-145m8ut-0 lcFFec js_link" href="https://qz.com/best-spot-bitcoin-etfs-1851340637?_gl=1*1i1vith*_ga*NDg3NDc1NjAzLjE3MjY1OTIyNzQ.*_ga_V4QNJTT5L0*MTcyNzk3NjEyOS4yNS4xLjE3Mjc5NzgwNjYuMzQuMC4w" rel="noopener noreferrer" target="_blank">itcoin spot exchange-traded funds (ETFs) </a>at the start of this year, capturing the attention of investors. The influx of capital into these funds fueled a rapid rise in bitcoin’s value, which soon reached an all-time high, breaking the prolonged stagnation in the…</p><p><a href="https://qz.com/bitcoin-ether-etf-solana-xrp-sec-1851664387">Read more...</a></p>",NULL,https://qz.com/bitcoin-ether-etf-solana-xrp-sec-1851664387,Unknown,NULL
108,"The top 10 Amazon Prime Day deals under $50","<img class="type:primaryImage" src="https://i.kinja-img.com/image/upload/c_fit,q_80,w_636/83edd9f58785822273465863d74c928a.jpg" /><p>Amazon’s (<a class="sc-1out364-0 dPMosf sc-145m8ut-0 lcFFec js_link" href="https://qz.com/quote/AMZN" rel="noopener noreferrer" target="_blank">AMZN</a>) Prime Day is just <a class="sc-1out364-0 dPMosf sc-145m8ut-0 lcFFec js_link" href="https://qz.com/amazon-prime-day-october-big-deals-dates-discounts-1851650526" rel="noopener noreferrer" target="_blank">around the corner</a>, set for Tuesday and Wednesday this week, offering shoppers a chance to snag deals. With a plethora of discounts across categories, this year’s event will feature markdowns on tech, household goods, and children’s toys.<br /></p><p><a href="https://qz.com/best-amazon-prime-day-cheap-deals-1851665291">Read more...</a></p>",NULL,https://qz.com/best-amazon-prime-day-cheap-deals-1851665291,Unknown,NULL
109,"Banks and fintechs need each other. Will regulators help them tie the knot?","<img class="type:primaryImage" src="https://i.kinja-img.com/image/upload/c_fit,q_80,w_636/7f3b718d23e346039e72f85259ae1b66.jpg" /><p>Over the past decade, financial technology firms — or fintechs, for short — went from being competitors of traditional banks to becoming integrated parts of the financial services supply chain. Now, regulators are struggling to wrangle these partnerships.<br /></p><p><a href="https://qz.com/banking-fintech-partner-regulation-financial-services-1851654024">Read more...</a></p>",NULL,https://qz.com/banking-fintech-partner-regulation-financial-services-1851654024,Unknown,NULL
110,"Talking about money makes people more uncomfortable than politics and religion, survey says","<img class="type:primaryImage" src="https://i.kinja-img.com/image/upload/c_fit,q_80,w_636/6f6a845102d31e98955d8f0f1ec04d73.jpg" /><p>Discussing finances has long been viewed as an uncomfortable topic, or even “taboo.” More adults in the U.S. would rather talk about politics and religion over anything  money related with family members and close friends, according to a new survey of 2,502 respondents from Bankrate.</p><p><a href="https://qz.com/money-talks-make-people-uncomfortable-than-politics-and-1851664338">Read more...</a></p>",NULL,https://qz.com/money-talks-make-people-uncomfortable-than-politics-and-1851664338,Unknown,NULL
111,"The 15 most expensive states in America to own a car","<img class="type:primaryImage" src="https://i.kinja-img.com/image/upload/c_fit,q_80,w_636/49db9ce1c9fa3b4588cf5b32e226c75b.jpg" /><p>Cars are <a class="sc-1out364-0 dPMosf sc-145m8ut-0 lcFFec js_link" href="https://jalopnik.com/everyone-is-underwater-on-their-car-loans-as-values-plu-1851340337">expensive to own</a> — <a class="sc-1out364-0 dPMosf sc-145m8ut-0 lcFFec js_link" href="https://jalopnik.com/new-cars-are-too-expensive-so-buy-one-of-these-unique-1851621594?_gl=1*bzaw4o*_ga*MzgxNTUwMTU1LjE2Nzk1MDAxMjU.*_ga_V4QNJTT5L0*MTcyNjYyODgyMy43MS4xLjE3MjY2MzM1NjYuNTMuMC4w">too expensive</a>, in fact, and <a class="sc-1out364-0 dPMosf sc-145m8ut-0 lcFFec js_link" href="https://jalopnik.com/the-average-cost-of-a-new-car-jumped-10-000-in-five-ye-1851114214">getting pricier all the time</a>. Don’t feel too bad for yourself, though. Depending on the state you’re in, some poor sucker might have it even worse.</p><p><a href="https://qz.com/car-ownership-costs-us-states-1851662595">Read more...</a></p>",NULL,https://qz.com/car-ownership-costs-us-states-1851662595,Unknown,NULL
112,"10 cheap cars actually worth buying, according to Consumer Reports","<img class="type:primaryImage" src="https://i.kinja-img.com/image/upload/c_fit,q_80,w_636/c4705b2d1ae503509803f6a9c2b2333e.jpg" /><p>The average transaction price of a new car has slowly been coming down since it peaked during the pandemic, but it’s still scarily close to $50,000. That might work for rich people, but most people can’t afford to spend that kind of money on a car. The good news is, <a class="sc-1out364-0 dPMosf sc-145m8ut-0 lcFFec js_link" href="https://jalopnik.com/there-arent-any-new-cars-left-under-20-000-1851611136">even though you can’t get a new car for less than…</a></p><p><a href="https://qz.com/best-cheap-cars-2024-consumer-reports-1851651347">Read more...</a></p>",NULL,https://qz.com/best-cheap-cars-2024-consumer-reports-1851651347,Unknown,NULL
113,"Sunday Reads: America's electric car divide","<img class="type:primaryImage" src="https://i.kinja-img.com/image/upload/c_fit,q_80,w_636/49360fbe8022a3b5e1f95c46ff4d9bde.jpg" /><p>Hello, Quartz members, and welcome to Sunday Reads!<br /></p><p><a href="https://qz.com/emails/quartz-obsession/1851664833/electric-cars-evs-us-politics-banks-fintechs">Read more...</a></p>",NULL,https://qz.com/emails/quartz-obsession/1851664833/electric-cars-evs-us-politics-banks-fintechs,Unknown,NULL
114,"4 billionaires getting even richer from AI","<img class="type:primaryImage" src="https://i.kinja-img.com/image/upload/c_fit,q_80,w_636/7b51df786e0f00f80ef8fc77e4d35277.jpg" /><p>The artificial intelligence boom has sent shares and net worths to new heights this year, meaning some billionaires have only been getting wealthier.</p><p><a href="https://qz.com/ai-billionaires-jensen-huang-mark-zuckerberg-net-worth-1851665702">Read more...</a></p>",NULL,https://qz.com/ai-billionaires-jensen-huang-mark-zuckerberg-net-worth-1851665702,Unknown,NULL
115,"Nvidia's AI summit, Tesla's robotaxi, Amazon Prime Day, inflation: What to watch in the markets this week","<img class="type:primaryImage" src="https://i.kinja-img.com/image/upload/c_fit,q_80,w_636/ca55d729a7ddd173ac7fda7cbc50e73d.jpg" /><p>Last week <a class="sc-1out364-0 dPMosf sc-145m8ut-0 lcFFec js_link" href="https://qz.com/dow-futures-260-points-jobs-report-dockworkers-strike-1851665264" rel="noopener noreferrer" target="_blank">closed on a positive note</a>, with two key developments easing concerns about the economy. <a class="sc-1out364-0 dPMosf sc-145m8ut-0 lcFFec js_link" href="https://qz.com/jobs-report-unemployment-interest-rate-economy-bls-fed-1851662911" rel="noopener noreferrer" target="_blank">A strong jobs report</a> helped calm fears of a weakening labor market, while the <a class="sc-1out364-0 dPMosf sc-145m8ut-0 lcFFec js_link" href="https://qz.com/us-port-strike-ila-dockworkers-union-shippers-agreement-1851664964" rel="noopener noreferrer" target="_blank">resolution of the dockworkers’ strike</a> alleviated worries about supply chain disruptions. In addition, oil prices, which had surged early in the…</p><p><a href="https://qz.com/nvidia-ai-tesla-robotaxi-amazon-prime-day-stock-market-1851665454">Read more...</a></p>",NULL,https://qz.com/nvidia-ai-tesla-robotaxi-amazon-prime-day-stock-market-1851665454,Unknown,NULL
116,"Mark Cuban vs. Elon Musk on Trump, and Mark Zuckerberg passes Jeff Bezos: Leadership news roundup","<img class="type:primaryImage" src="https://i.kinja-img.com/image/upload/c_fit,q_80,w_636/5c53f19e94fc023224a76ae9296df349.jpg" /><p>Your college major won’t determine your fate, but it can significantly impact how much money you make after college.<br /></p><p><a href="https://qz.com/mark-cuban-elon-musk-donald-trump-zuckerberg-jeff-bezos-1851665584">Read more...</a></p>",NULL,https://qz.com/mark-cuban-elon-musk-donald-trump-zuckerberg-jeff-bezos-1851665584,Unknown,NULL
117,"Big weddings, the most expensive watches, and the coolest cities: Lifestyle news roundup","<img class="type:primaryImage" src="https://i.kinja-img.com/image/upload/c_fit,q_80,w_636/8d81e732d2f56accb863b4c84d127618.jpg" /><p>In the aftermath of the COVID-19 pandemic, many Americans have more control over where they live than ever before.</p><p><a href="https://qz.com/weddings-houses-watches-prices-coolest-cities-america-1851665583">Read more...</a></p>",NULL,https://qz.com/weddings-houses-watches-prices-coolest-cities-america-1851665583,Unknown,NULL
118,"House GOP targets Biden 'social cost' policy for rising energy prices","House Republicans are targeting Biden administration efforts to regulate the &quot;social cost&quot; of greenhouse gas emissions in the U.S.","2024-10-08 04:00:05",https://www.foxnews.com/politics/house-gop-targets-biden-social-cost-policy-rising-energy-prices,Unknown,NULL
119,"NYC First Deputy Mayor Sheena Wright resigns as Eric Adams' administration suffers more departures: report","New York City First Deputy Mayor Sheena Wright is stepping down from her position, reports say, as Mayor Eric Adams&apos; administration faces more turmoil.","2024-10-08 11:29:55",https://www.foxnews.com/politics/nyc-first-deputy-mayor-sheena-wright-resigns-eric-adams-administration-suffers-more-departures-report,Unknown,NULL
120,"GOP lawmaker unveils effort to ban illegal immigrants from using IDs to buy guns","A new House GOP bill would ban the sale of firearms to people in the U.S. illegally even if they have a government ID.","2024-10-08 10:00:50",https://www.foxnews.com/politics/gop-lawmaker-unveils-effort-ban-illegal-immigrants-using-ids-buy-guns,Unknown,NULL
121,"Oregon mistakenly registered hundreds more voters without proving citizenship","Authorities in Oregon have announced they have identified a further 302 people on the state’s voter rolls who didn’t provide proof of citizenship when they were registered to vote.","2024-10-08 11:18:06",https://www.foxnews.com/politics/oregon-mistakenly-registered-hundreds-more-voters-without-proving-citizenship,Unknown,NULL
122,"5 key takeaways from Kamala Harris' '60 Minutes' interview","Vice President Kamala Harris sat down for an interview on CBS&apos; &quot;60 Minutes,&quot; when she faced questions on her economic plans, immigration and foreign policy.","2024-10-08 10:55:59",https://www.foxnews.com/politics/5-key-takeaways-from-kamala-harris-60-minutes-interview,Unknown,NULL
123,"Biden White House has ‘very low’ trust in Netanyahu regime, urges transparency: report","President Biden&apos;s White House is growing increasingly distrustful of Israeli Prime Minister Benjamin Netanyahu&apos;s regime, according to a Tuesday report.","2024-10-08 10:40:12",https://www.foxnews.com/politics/biden-white-house-warns-very-low-trust-netanyahu-regime-demands-transparency-report,Unknown,NULL
124,"Fox News Power Rankings: The biggest surprises come after October","No content available","2024-10-08 08:57:25",https://www.foxnews.com/politics/fox-news-power-rankings-biggest-surprises-come-after-october,Unknown,NULL
125,"Wisconsin Senate race shifts to 'toss up' by handicapper as Tammy Baldwin fights for re-election","The Senate race in Wisconsin is being shifted to a &quot;Toss Up,&quot; signifying Democrats losing ground in the crucial state.","2024-10-08 10:01:29",https://www.foxnews.com/politics/wisconsin-senate-race-shifts-toss-up-handicapper-tammy-baldwin-fights-re-election,Unknown,NULL
126,"Mike Lee outlines roadmap for McConnell successor, warns the 'health of the Republican Party' is at stake","Sen. Mike Lee has written a letter to Republican colleagues about how he believes they can create &quot;stronger, more accountable Senate that truly serves the people.&quot;","2024-10-08 08:38:56",https://www.foxnews.com/politics/mike-lee-outlines-roadmap-mcconnell-successor-warns-health-republican-party-stake,Unknown,NULL
127,"Harris takes slim lead over Trump in new poll as voters view her as candidate of change","Vice President Harris took a small lead over former President Trump in a new national poll released on Tuesday as voters increasingly see her as the candidate of change.","2024-10-08 08:26:03",https://www.foxnews.com/politics/harris-takes-slim-lead-over-trump-new-poll-voters-view-her-candidate-change,Unknown,NULL
128,"'Tough call': Atlanta voters split on who will win Georgia","Fox News Digital heard directly from Atlanta residents about who they think will win the presidential race in Georgia, a key swing state.","2024-10-08 08:00:15",https://www.foxnews.com/politics/tough-call-atlanta-voters-split-who-win-georgia,Unknown,NULL
129,"Trump announces rally in 'war zone' Colorado city","Former President Trump will appear in Aurora, Colorado, for a campaign rally next week, highlighting illegal immigration and gang violence.","2024-10-08 07:40:13",https://www.foxnews.com/politics/trump-announces-rally-war-zone-colorado-city,Unknown,NULL
130,"Trump, Republicans venture to blue areas in Wisconsin to boost GOP turnout","Wisconsin Republican Party Executive Director Andrew Iverson emphasized the ground game strategy in the battleground that includes turning out Republican voters in deep blue areas.","2024-10-08 07:00:48",https://www.foxnews.com/politics/trump-republicans-venture-blue-areas-wisconsin-boost-gop-turnout,Unknown,NULL
131,"First on Fox: Top outside group backing House Republicans sets fundraising record","The leading outside group that supports House Republicans is reporting its highest fundraising quarter ever, as the GOP aims to hold and potentially expand its razor thin majority in Congress.","2024-10-08 06:00:33",https://www.foxnews.com/politics/top-outside-group-backing-house-republicans-showcases-fundraising-prowess,Unknown,NULL
132,"Vulnerable Dem Jon Tester turns on Biden admin over DEI after Montana universities stripped of federal funds","Tester took aim at Biden and the Department of Education for denying federal funding to Montana universities based on failure to meet DEI standards.","2024-10-08 06:00:18",https://www.foxnews.com/politics/vulnerable-dem-jon-tester-turns-biden-admin-over-dei-after-montana-universities-stripped-federal-funds,Unknown,NULL
133,"Early voting kicks off in Indiana, New Mexico, Ohio, Wyoming","Ohio, a swing state, and Indiana, New Mexico and Wyoming began their early voting process on Tuesday.","2024-10-08 05:00:46",https://www.foxnews.com/politics/early-voting-indiana-new-mexico-ohio-wyoming,Unknown,NULL
134,"Eye of the Storm: Back-to-back hurricanes threaten to upend Harris-Trump presidential showdown","Back-to-back hurricanes rock the White House race between former President Trump and Vice President Kamala Harris as the federal response to the storms is front-and-center on the campaign trail","2024-10-08 04:00:32",https://www.foxnews.com/politics/eye-storm-hurricanes-theaten-upend-harris-trump-presidential-showdown,Unknown,NULL
135,"1 year after Hezbollah strikes, Israel reinforces troops and questions mount over ‘limited’ operation","Questions are mounting over Israel&apos;s &quot;limited&quot; operation in Lebanon as it reinforces its troops over the border and security experts warn Israel is re-strategizing its fight against Hezbollah.","2024-10-08 04:00:27",https://www.foxnews.com/politics/one-year-after-hezbollah-strikes-israel-reinforces-troops-questions-mount-over-limited-operation,Unknown,NULL
136,"Kamala 2.0’s challenge? Making more news, and not just with ultra-friendly hosts","Vice President Kamala Harris rode a wave of positive press, but can her interviews with Democrat friendly hosts send her to the White House in November?","2024-10-08 03:00:43",https://www.foxnews.com/politics/kamala-2-0s-challenge-making-more-news-not-just-ultra-friendly-hosts,Unknown,NULL
137,"Chicago mayor compares viewpoint of those who disagree with him about school spending to slavery","Chicago Mayor Brandon Johnson announced six new nominees for the school board while also blasting the status quo of not investing in education because it is too expensive.","2024-10-07 22:36:37",https://www.foxnews.com/politics/chicago-mayor-compares-viewpoint-those-who-disagree-him-about-school-spending-slavery,Unknown,NULL
138,"Harris said candidates must 'earn' voter support — despite skipping primaries before becoming Dem nominee","Vice President Kamala Harris was questioned about why some voters still feel like they don&apos;t know her, just weeks before November&apos;s presidential election.","2024-10-07 22:16:57",https://www.foxnews.com/politics/harris-said-candidates-must-earn-voter-support-skipping-primaries-becoming-dem-nominee,Unknown,NULL
139,"Political storm: Harris says DeSantis 'selfish' for reportedly not taking her hurricane-related calls","Vice President Kamala Harris took aim at Republican Gov. Ron DeSantis for reportedly not taking her calls regarding federal storm relief efforts as a second powerful hurricane bears down on Florida.","2024-10-07 21:21:46",https://www.foxnews.com/politics/political-storm-harris-desantis-selfish-reportedly-not-taking-her-hurricane-related-calls,Unknown,NULL
140,"Reporter's Notebook: All about the politics of disaster relief","Republicans are castigating the Biden administration for its response to Hurricane Helene – and, like rote, are bringing to the forefront the ugly politics of disaster response.","2024-10-07 19:07:27",https://www.foxnews.com/politics/politics-disaster-relief,Unknown,NULL
141,"'Traitor' Liz Cheney walloped by Wyoming voters for Harris endorsement, break with GOP","An overwhelming amount of Wyoming voters who spoke to Fox News Digital lambasted former Republican Rep. Liz Cheney for endorsing Vice President Harris for the Oval Office.","2024-10-07 18:42:20",https://www.foxnews.com/politics/traitor-liz-cheney-walloped-wyoming-voters-harris-endorsement-break-gop,Unknown,NULL
142,"Trump sounds alarm on illegal immigrant murderers: 'A lot of bad genes in our country'","Former President Trump on Monday said illegal immigrants murderers have &quot;bad genes&quot; as he again criticized the current handling of the border crisis.","2024-10-07 18:24:56",https://www.foxnews.com/politics/trump-sounds-alarm-illegal-immigrant-murderers-bad-genes-in-country,Unknown,NULL
143,"Xi Jinping celebrates China’s rising power — and his own","President Xi Jinping opened China’s twice-per decade Communist Party Congress on Wednesday hailing the reforms he put in place during his first five-year term and sharing his vision for where he hopes to take the nation. William Brangham reports on the congress as it prepares to announce Xi’s successor and how new leadership may transform China’s role as a global economic partner.","2017-10-18 22:35:21",http://www.pbs.org/newshour/bb/xi-jinping-celebrates-chinas-rising-power/,Unknown,NULL
144,"The battle for Mosul is over, but this hidden ISIS danger could lurk for years","Iraq may have ousted Islamic States militants from the city of Mosul over the summer, but the major task of finding and destroying the mines, booby traps and bombs remains. A security firm hired by the U.S. and Iraqi workers are making progress to clear major areas, but it could take years or even decades. Special correspondent Marcia Biggs reports on the safety of Mosul after ISIS.","2017-10-18 22:20:26",http://www.pbs.org/newshour/bb/battle-mosul-hidden-isis-danger-lurk-years/,Unknown,NULL
145,"As Rohingya refugees continue to flee from persecution, here’s how you can help","More than 500,000 Rohingya Muslims have fled their homes since August to escape systematic violence at the hands of government soldiers in Myanmar. Here's how you can help.","2017-10-18 20:58:34",http://www.pbs.org/newshour/rundown/rohingya-refugees-continue-flee-persecution-heres-can-help/,Unknown,NULL
146,"Tillerson: ‘Heartbreaking’ reports of suffering in Myanmar","WASHINGTON — Secretary of State Rex Tillerson is condemning reported atrocities committed against Rohingya Muslims in Myanmar, and he says those responsible — perhaps the country's military — will be held accountable.","2017-10-18 15:36:51",http://www.pbs.org/newshour/rundown/tillerson-heartbreaking-reports-suffering-myanmar/,Unknown,NULL
147,"Far-right groups gain ground in Sweden and Germany amid migrant influx","Sunday’s election in Austria brought victory to 31-year-old Sebastian Kurz, who was elected chancellor on an anti-immigrant platform. Earlier, a strengthened far-right party dealt a blow to returning leader Angela Merkel in Germany’s election. As Sweden’s election approaches next year, special correspondent Michael Brabant surveys the changing political landscape in Europe.","2017-10-17 22:30:37",http://www.pbs.org/newshour/bb/far-right-groups-gain-ground-sweden-germany-amid-migrant-influx/,Unknown,NULL
148,"U.S.-backed Syrian forces recapture Raqqa from Islamic State group","U.S.-backed Syrian Democratic Forces announced Tuesday that they had captured the city of Raqqa from Islamic State militants.","2017-10-17 16:57:20",http://www.pbs.org/newshour/rundown/u-s-backed-syrian-forces-recapture-raqqa-from-islamic-state-group/,Unknown,NULL
149,"WATCH: Trump and Greek prime minister hold joint news conference","President Donald Trump says the U.S. stands with Greece as they recover from their economic crisis.","2017-10-17 16:28:24",http://www.pbs.org/newshour/rundown/watch-live-trump-and-greek-prime-minister-hold-joint-press-conference/,Unknown,NULL
150,"U.S., Japan agree to maximize diplomatic pressure on North Korea","TOKYO — U.S. and Japanese diplomats agreed Tuesday to maximize pressure on North Korea to resolve tensions over its nuclear program, while citing the need to be prepared for the worst if diplomacy fails.","2017-10-17 13:01:05",http://www.pbs.org/newshour/rundown/u-s-japan-agree-maximize-diplomatic-pressure-north-korea/,Unknown,NULL
151,"News Wrap: Dozens missing after deadly Mogadishu truck bombing","In our news wrap Monday, more than 300 people are confirmed dead and nearly 400 wounded after Saturday’s massive truck bombing in Somalia’s capital Mogadishu. The government blamed the al-Qaida-linked group al-Shabab. Also, 31-year-old conservative Sebastian Kurz is set to become the Austria’s next leader in another shift to the right in European politics.","2017-10-16 22:45:17",http://www.pbs.org/newshour/bb/news-wrap-dozens-missing-deadly-mogadishu-truck-bombing/,Unknown,NULL
152,"Why a power struggle has broken out over Kirkuk","Two vital American allies have reignited their rivalry in Iraq. After months of simmering tensions, national military forces and militia moved to push Kurdish forces out of the disputed city of Kirkuk. Three weeks ago, the Kurds held a referendum to split from Iraq. Lisa Desjardins reports and Judy Woodruff talks with Emma Sky of Yale University and Feisal Istrabadi of Indiana University.","2017-10-16 22:40:31",http://www.pbs.org/newshour/bb/power-struggle-broken-kirkuk/,Unknown,NULL
153,"Rex Tillerson says continue diplomacy with North Korea ‘until first bomb drops’","That statement comes despite President Donald Trump's tweets a couple of weeks ago that his chief envoy was "wasting his time" trying to negotiate with "Little Rocket Man," a mocking nickname Trump has given the nuclear-armed nation's leader, Kim Jong Un.","2017-10-16 11:08:00",http://www.pbs.org/newshour/rundown/rex-tillerson-says-continue-diplomacy-north-korea-first-bomb-drops/,Unknown,NULL
154,"Iraqi, Kurdish forces in standoff, weeks after Kurdish vote for independence","Iraqi army and Kurdish troops are in a standoff in Kirkuk, a city located in the Kurdistan region, which voted for independence from Iraq last month. Kirkuk holds 10 percent of Iraq’s oil reserves. Washington Post reporter Loveday Morris, who is covering the standoff, joins Hari Sreenivasan via Skype from Baghdad.","2017-10-15 20:33:23",http://www.pbs.org/newshour/bb/iraqi-kurdish-forces-standoff-weeks-kurdish-vote-independence/,Unknown,NULL
155,"South Sudan civil war causes Africa’s worst refugee crisis","South Sudan’s four-year civil war has left half of the nation’s population, 6 million people, in need of humanitarian aid and caused one of the world’s worst refugee crises. With support from the U.S. Holocaust Memorial Museum’s Center for the Prevention of Genocide, NewsHour Weekend Special Correspondent Simona Foltyn and journalist Jason Patinkin traveled to Uganda to meet people desperate for asylum.","2017-10-15 19:26:17",http://www.pbs.org/newshour/bb/south-sudan-civil-war-causes-africas-worst-refugee-crisis/,Unknown,NULL
156,"Hundreds dead after massive truck bomb strikes Mogadishu","At least 231 people were killed and hundreds more wounded after a massive truck bomb on Saturday struck Somalia's capital city of Mogadishu.","2017-10-15 16:27:49",http://www.pbs.org/newshour/rundown/hundreds-dead-massive-truck-bomb-strikes-mogadishu/,Unknown,NULL
157,"Column: Why reporting from South Sudan is so difficult — and critically needed","The war has had a devastating impact on South Sudanese communities, but much of it has remained out of the limelight of international media.","2017-10-15 14:27:40",http://www.pbs.org/newshour/updates/reporters-notebook-reporting-south-sudan-difficult-critically-needed/,Unknown,NULL
158,"Kashmir and Haryana prove India exit polls wrong","India's ruling BJP appears on course to hold Haryana state but is heading for defeat in Kashmir.",NULL,https://www.bbc.com/news/articles/cx2y4ew10wxo,Unknown,NULL
159,"Indian financial aid opens 'new chapter' with Maldives","The deal comes as the Maldives president visits Delhi after relations nosedived in recent months.",NULL,https://www.bbc.com/news/articles/cly4eq78k5qo,Unknown,NULL
160,"Why are there so many dropped catches at T20 World Cup?","BBC Sport looks at the significant number of dropped catches at the Women's T20 World Cup so far and the possible explanations.",NULL,https://www.bbc.com/sport/cricket/articles/cg78yd0p088o,Unknown,NULL
161,"Climbers rescued after three days in the Himalayas","A British climber who went missing in the Himalayas has spoken of her relief after surviving for two days in "brutal" conditions that put her life in danger.",NULL,https://www.bbc.com/news/articles/c93y147z4pdo,Unknown,NULL
162,"Maldives president visits India amid trouble in tourist paradise","President Muizzu is visiting India at a time when his country is staring at an economic crisis.",NULL,https://www.bbc.com/news/articles/ce8vz8j60kno,Unknown,NULL
163,"The Polish artist who painted Hindu gods in Indian palaces","Stefan Norblin painted beautiful murals in the art deco style for Indian maharajas in the 1940s.",NULL,https://www.bbc.com/news/articles/c8xe17pegrno,Unknown,NULL
164,"India government says criminalising marital rape 'excessively harsh'","The government has opposed petitions in the country's top court that seek criminalisation of marital rape.",NULL,https://www.bbc.com/news/articles/c80r38yeempo,Unknown,NULL
165,"India's foreign minister to visit Pakistan for the first time since 2015","India's foreign minister S Jaishankar will be attending a regional meeting in Pakistan this month.",NULL,https://www.bbc.com/news/articles/c0lw9pdw400o,Unknown,NULL
166,"How India became a Test cricket powerhouse","More than 90 years after its first Test match, India boasts more victories in the format than losses.",NULL,https://www.bbc.com/news/articles/cz6w0lygq22o,Unknown,NULL
167,"India's iconic tramcars set to ride into Kolkata sunset","Kolkata's iconic trams are in danger of being shut down entirely. But activists are fighting back.",NULL,https://www.bbc.com/news/articles/ckgn4mzn224o,Unknown,NULL
168,"My mission is to take Tamil music global, says Sid Sriram","The Indian-born, American-raised artist is going to perform his biggest solo UK show.",NULL,https://www.bbc.com/news/articles/cvgwwqpdj74o,Unknown,NULL
169,"India's top court saves a poor student's college dream","Atul Kumar missed the deadline to pay his college fee by a few seconds - then a court stepped in to help him.",NULL,https://www.bbc.com/news/articles/cx25nq12n10o,Unknown,NULL
170,"The 'mastermind' behind India's biggest jailbreak","Nearly 20 years ago, 389 men escaped from an Indian jail, led by a man believed to have planned the breakout.",NULL,https://www.bbc.com/news/articles/c1dd9rj3vmyo,Unknown,NULL
171,"The world’s diamond polishing capital feels Ukraine war impact","Wars and recession in key Western markets have left India's diamond industry workers distraught and jobless.",NULL,https://www.bbc.com/news/articles/c1e866ypp1zo,Unknown,NULL
172,"Sold out in minutes, resold for millions: Coldplay tickets spark outrage in India","Coldplay's concerts in Mumbai sold out in minutes and now resellers are charging up to $10,000 for a ticket.",NULL,https://www.bbc.com/news/articles/c99v12e3yj4o,Unknown,NULL
173,"A famed holy sweet in an unsavoury row in India","The famous Tirupati temple laddus are prized by devotees who consider them god’s blessing.",NULL,https://www.bbc.com/news/articles/cglkenxgd5xo,Unknown,NULL
174,"Your essential guide to the ICC Women's T20 World Cup","The Women's T20 World Cup in the United Arab Emirates starts on 3 October - here's everything you need to know about the ninth edition.",NULL,https://www.bbc.com/sport/cricket/articles/c99vp4yyyyxo,Unknown,NULL
175,"The Kashmiri politician whose return from jail ruffled feathers","A court has allowed jailed lawmaker Engineer Rashid to return to Kashmir to campaign in regional polls.",NULL,https://www.bbc.com/news/articles/cgj4l01q9jgo,Unknown,NULL
176,"Death of Indian employee sparks debate on 'toxic work culture'","Anna Perayil's parents allege she died four months after starting a job because of "overwhelming work stress".",NULL,https://www.bbc.com/news/articles/c0kjgp4jr5yo,Unknown,NULL
177,"Tigers and crocs make mangrove preservation tough work","To help preserve mangrove forests researchers have to take on demanding field work.",NULL,https://www.bbc.com/news/articles/crrldyvqe4xo,Unknown,NULL
178,"How Punjabi megastar Diljit Dosanjh is inspiring the next gen","The biggest Punjabi singer in the world brings his Dil-Luminati tour to the UK.",NULL,https://www.bbc.com/news/articles/cwy9gln6lz6o,Unknown,NULL
179,"Hema committee report: Why are India's biggest film stars silent?","The stars’ silence on a report exposing poor working conditions and sexual harassment in Kerala’s film industry is deafening, say critics.",NULL,https://www.bbc.com/news/articles/cn9dgjd8rewo,Unknown,NULL
180,"Volunteers dying as Russia’s war dead tops 70,000","The governments of India and Nepal have called on Moscow to stop sending their citizens to Ukraine and repatriate the bodies of the dead.",NULL,https://www.bbc.com/news/articles/cjr3255gpjgo,Unknown,NULL
181,"Why hundreds of Samsung workers are protesting in India","About 1500 workers in Tamil Nadu state have been striking work for the past 11 days.",NULL,https://www.bbc.com/news/articles/c7488w85n00o,Unknown,NULL
182,"'Please save me': The Indians duped into fighting for Russia","Dozens of Indian men have been discharged from the Russian army and are making their way home.",NULL,https://www.bbc.com/news/articles/cly6ve2x72xo,Unknown,NULL
183,"After a decade, Kashmir votes in historic elections","This is the first assembly election since PM Modi's government revoked Kashmir's special status in 2019.",NULL,https://www.bbc.com/news/articles/cpw84kv9q8yo,Unknown,NULL
184,"The German woman who helped build an Indian university","Gerda Philipsborn left her home in Germany to help her three Indian friends set up Jamia Millia Islamia.",NULL,https://www.bbc.com/news/articles/cn020ywgx2yo,Unknown,NULL
185,"Bangladesh leader’s ‘megaphone diplomacy’ irks India","Ties between India and Bangladesh remain frosty more than a month after Sheikh Hasina was ousted from power.",NULL,https://www.bbc.com/news/articles/cz6xqyzzdxgo,Unknown,NULL
186,"India's oldest trams may soon be brought to a halt","Authorities in the eastern city of Kolkata announced plans to discontinue its iconic trams first set up in 1873.",NULL,https://www.bbc.com/news/articles/cr54qr64n1qo,Unknown,NULL
187,"Kolkata night protest: 'Today I witnessed history'","A young woman was among thousands who took part in a march in India's West Bengal. This is what she saw.",NULL,https://www.bbc.com/news/videos/ce3106yz19do,Unknown,NULL
188,"Watch: Thousands of women protest about rape and murder of doctor in India","Women led a march in West Bengal state after a female doctor's brutal rape and murder last week.",NULL,https://www.bbc.com/news/videos/czx67lknn54o,Unknown,NULL
189,"Watch: Building collapses into river in Himachal Pradesh","No-one was injured in the incident, which took place due to heavy rainfall.",NULL,https://www.bbc.com/news/videos/c1vdw9546wwo,Unknown,NULL
190,"Watch: Blue screens, queues and airport delays worldwide","Many flights have been grounded, with huge queues and delays at airports all over the world.",NULL,https://www.bbc.com/news/videos/cz7ejpld988o,Unknown,NULL
191,"Lavish Ambani wedding divides opinions in India","The noise around the lavish wedding has drawn public fascination - and ire.",NULL,https://www.bbc.com/news/videos/cgr5073mz74o,Unknown,NULL
192,"Former PMs, film and sports stars join Ambani wedding","Tony Blair and Boris Johnson were among guests to arrive at the wedding of a billionaire's son.",NULL,https://www.bbc.com/news/videos/cv2gnv34kyeo,Unknown,NULL
193,"WATCH: Families mourn victims of deadly India crush","At least 121 people, mostly women, were killed in the crush at a religious event in northern India.",NULL,https://www.bbc.com/news/videos/cw4ypql875ko,Unknown,NULL
194,"Watch: Delhi airport roof collapses due to heavy rain","The incident has left one person dead and injured four others.",NULL,https://www.bbc.com/news/videos/c134zdz2nnro,Unknown,NULL
195,"What worked for India's Modi - and what didn’t?","Indian Prime Minister Narendra Modi and his party have won the most seats in this year's election.",NULL,https://www.bbc.com/news/articles/ce442577v35o,Unknown,NULL
196,"Arrests, accusations and AI: India’s election unpacked","On 4 June, Indians will find out who governs their country for the next five years.",NULL,https://www.bbc.com/news/videos/cqqq2g653gro,Unknown,NULL
